Origin,Dest,Reporting_Airline,avg_delay,rank,origin_lat,origin_lng,destination_lat,destination_lng
ATL,AUS,AA,0.0,1.0,33.6407,-84.4277,30.1945,-97.6699
ATL,AUS,DL,10.653132758872498,2.0,33.6407,-84.4277,30.1945,-97.6699
ATL,BNA,DL,9.29010345257385,1.0,33.6407,-84.4277,36.1263,-86.6782
ATL,BOS,DL,12.715445876558734,1.0,33.6407,-84.4277,42.3656,-71.0052
ATL,BOS,UA,15.0,2.0,33.6407,-84.4277,42.3656,-71.0052
ATL,BWI,DL,10.415921455818898,1.0,33.6407,-84.4277,39.1754,-76.6684
ATL,CLT,AA,13.647955647955648,2.0,33.6407,-84.4277,35.214,-80.9431
ATL,CLT,DL,8.961623616236162,1.0,33.6407,-84.4277,35.214,-80.9431
ATL,DCA,AA,14.8415015641293,2.0,33.6407,-84.4277,38.8512,-77.0377
ATL,DCA,DL,13.111802530595313,1.0,33.6407,-84.4277,38.8512,-77.0377
ATL,DEN,DL,9.82552701633211,1.0,33.6407,-84.4277,39.8561,-104.6737
ATL,DEN,UA,14.078362864986277,2.0,33.6407,-84.4277,39.8561,-104.6737
ATL,DFW,AA,17.95601010898752,2.0,33.6407,-84.4277,32.8998,-97.0403
ATL,DFW,DL,13.132390062441877,1.0,33.6407,-84.4277,32.8998,-97.0403
ATL,DTW,DL,9.46781696235396,1.0,33.6407,-84.4277,42.2121,-83.3534
ATL,EWR,DL,19.425963488843813,1.0,33.6407,-84.4277,40.6895,-74.1745
ATL,EWR,UA,25.502457790126098,2.0,33.6407,-84.4277,40.6895,-74.1745
ATL,IAH,DL,12.125288634225605,1.0,33.6407,-84.4277,29.9902,-95.3414
ATL,IAH,UA,17.25148205928237,2.0,33.6407,-84.4277,29.9902,-95.3414
ATL,JFK,AA,0.0,1.0,33.6407,-84.4277,40.6413,-73.7781
ATL,JFK,DL,14.662182129247997,2.0,33.6407,-84.4277,40.6413,-73.7781
ATL,LAS,DL,10.170460816777044,1.0,33.6407,-84.4277,36.0801,-115.1523
ATL,LAX,AA,13.048348348348348,2.0,33.6407,-84.4277,33.9416,-118.4085
ATL,LAX,DL,12.495333703273976,1.0,33.6407,-84.4277,33.9416,-118.4085
ATL,LAX,UA,24.6,3.0,33.6407,-84.4277,33.9416,-118.4085
ATL,MCO,DL,14.163561152395944,1.0,33.6407,-84.4277,28.4312,-81.3081
ATL,MIA,AA,19.705355036565223,2.0,33.6407,-84.4277,25.7959,-80.2906
ATL,MIA,DL,13.811286549707605,1.0,33.6407,-84.4277,25.7959,-80.2906
ATL,ORD,AA,16.81197665567115,3.0,33.6407,-84.4277,41.9742,-87.9073
ATL,ORD,DL,15.210511794730309,2.0,33.6407,-84.4277,41.9742,-87.9073
ATL,ORD,UA,14.638900545530843,1.0,33.6407,-84.4277,41.9742,-87.9073
ATL,PHL,AA,15.863067292644756,2.0,33.6407,-84.4277,39.8719,-75.2411
ATL,PHL,DL,11.07722371967655,1.0,33.6407,-84.4277,39.8719,-75.2411
ATL,PHX,AA,19.083506070476755,2.0,33.6407,-84.4277,33.4342,-112.0116
ATL,PHX,DL,10.046372119596269,1.0,33.6407,-84.4277,33.4342,-112.0116
ATL,SAN,DL,10.382788402220852,1.0,33.6407,-84.4277,32.7338,-117.1973
ATL,SEA,DL,9.968034629151752,1.0,33.6407,-84.4277,47.4502,-122.3088
ATL,SFO,DL,12.812697329123646,1.0,33.6407,-84.4277,37.6213,-122.379
ATL,SFO,UA,20.184150943396222,2.0,33.6407,-84.4277,37.6213,-122.379
ATL,SLC,DL,9.099241902136455,1.0,33.6407,-84.4277,40.7899,-111.9791
ATL,TPA,DL,12.229351441241684,1.0,33.6407,-84.4277,27.9755,-82.5333
AUS,ATL,AA,0.0,1.0,30.1945,-97.6699,33.6407,-84.4277
AUS,ATL,DL,9.337838825162564,2.0,30.1945,-97.6699,33.6407,-84.4277
AUS,BNA,AA,58.94736842105263,2.0,30.1945,-97.6699,36.1263,-86.6782
AUS,BNA,DL,22.0,1.0,30.1945,-97.6699,36.1263,-86.6782
AUS,BOS,AA,28.56792339916218,2.0,30.1945,-97.6699,42.3656,-71.0052
AUS,BOS,DL,17.431256911168447,1.0,30.1945,-97.6699,42.3656,-71.0052
AUS,CLT,AA,17.520380739081748,1.0,30.1945,-97.6699,35.214,-80.9431
AUS,DEN,AA,12.352785145888594,1.0,30.1945,-97.6699,39.8561,-104.6737
AUS,DEN,UA,12.738532753541872,2.0,30.1945,-97.6699,39.8561,-104.6737
AUS,DFW,AA,21.542451389595847,1.0,30.1945,-97.6699,32.8998,-97.0403
AUS,DTW,AA,0.0,1.0,30.1945,-97.6699,42.2121,-83.3534
AUS,DTW,DL,12.173342662235438,2.0,30.1945,-97.6699,42.2121,-83.3534
AUS,EWR,UA,21.54180501056444,1.0,30.1945,-97.6699,40.6895,-74.1745
AUS,IAH,UA,15.00967288075976,1.0,30.1945,-97.6699,29.9902,-95.3414
AUS,JFK,AA,18.967702245462934,2.0,30.1945,-97.6699,40.6413,-73.7781
AUS,JFK,DL,18.813534387642516,1.0,30.1945,-97.6699,40.6413,-73.7781
AUS,LAS,AA,20.813577586206897,2.0,30.1945,-97.6699,36.0801,-115.1523
AUS,LAS,DL,21.694013303769403,3.0,30.1945,-97.6699,36.0801,-115.1523
AUS,LAS,UA,0.0,1.0,30.1945,-97.6699,36.0801,-115.1523
AUS,LAX,AA,15.631960006895364,3.0,30.1945,-97.6699,33.9416,-118.4085
AUS,LAX,DL,14.56429796151648,2.0,30.1945,-97.6699,33.9416,-118.4085
AUS,LAX,UA,10.185185185185183,1.0,30.1945,-97.6699,33.9416,-118.4085
AUS,MCO,AA,22.717737789203085,2.0,30.1945,-97.6699,28.4312,-81.3081
AUS,MCO,DL,12.703370786516857,1.0,30.1945,-97.6699,28.4312,-81.3081
AUS,MIA,AA,20.36186280679673,1.0,30.1945,-97.6699,25.7959,-80.2906
AUS,ORD,AA,16.727080530463194,2.0,30.1945,-97.6699,41.9742,-87.9073
AUS,ORD,UA,12.199744327261106,1.0,30.1945,-97.6699,41.9742,-87.9073
AUS,PHL,AA,27.23176532769556,1.0,30.1945,-97.6699,39.8719,-75.2411
AUS,PHX,AA,21.06978183506112,1.0,30.1945,-97.6699,33.4342,-112.0116
AUS,SEA,DL,11.10674347678753,1.0,30.1945,-97.6699,47.4502,-122.3088
AUS,SFO,UA,17.61927962415173,1.0,30.1945,-97.6699,37.6213,-122.379
AUS,SLC,AA,0.0,1.0,30.1945,-97.6699,40.7899,-111.9791
AUS,SLC,DL,12.516411378555798,2.0,30.1945,-97.6699,40.7899,-111.9791
AUS,TPA,AA,26.566901408450704,2.0,30.1945,-97.6699,27.9755,-82.5333
AUS,TPA,DL,13.0,1.0,30.1945,-97.6699,27.9755,-82.5333
BNA,ATL,DL,9.144343384001994,1.0,36.1263,-86.6782,33.6407,-84.4277
BNA,AUS,AA,18.63157894736842,2.0,36.1263,-86.6782,30.1945,-97.6699
BNA,AUS,DL,14.0,1.0,36.1263,-86.6782,30.1945,-97.6699
BNA,BOS,DL,15.734159779614323,1.0,36.1263,-86.6782,42.3656,-71.0052
BNA,CLT,AA,16.354952182038033,1.0,36.1263,-86.6782,35.214,-80.9431
BNA,DCA,AA,18.61306532663317,1.0,36.1263,-86.6782,38.8512,-77.0377
BNA,DEN,UA,14.419597234746018,1.0,36.1263,-86.6782,39.8561,-104.6737
BNA,DFW,AA,21.873747034968247,1.0,36.1263,-86.6782,32.8998,-97.0403
BNA,DTW,DL,8.716265796983286,1.0,36.1263,-86.6782,42.2121,-83.3534
BNA,EWR,UA,22.322304131664666,1.0,36.1263,-86.6782,40.6895,-74.1745
BNA,IAH,UA,16.064051240992793,1.0,36.1263,-86.6782,29.9902,-95.3414
BNA,LAS,DL,8.666666666666666,1.0,36.1263,-86.6782,36.0801,-115.1523
BNA,LAX,AA,16.65399385560676,2.0,36.1263,-86.6782,33.9416,-118.4085
BNA,LAX,DL,8.955517042172154,1.0,36.1263,-86.6782,33.9416,-118.4085
BNA,MIA,AA,19.968649716119476,1.0,36.1263,-86.6782,25.7959,-80.2906
BNA,ORD,AA,17.489184692179702,1.0,36.1263,-86.6782,41.9742,-87.9073
BNA,ORD,UA,21.891080365027968,2.0,36.1263,-86.6782,41.9742,-87.9073
BNA,PHL,AA,16.747680412371135,1.0,36.1263,-86.6782,39.8719,-75.2411
BNA,PHX,AA,18.53953084274544,1.0,36.1263,-86.6782,33.4342,-112.0116
BNA,SEA,DL,6.483833718244804,1.0,36.1263,-86.6782,47.4502,-122.3088
BNA,SFO,UA,22.46038915913829,1.0,36.1263,-86.6782,37.6213,-122.379
BNA,SLC,DL,8.028711256117456,1.0,36.1263,-86.6782,40.7899,-111.9791
BOS,ATL,DL,12.906144957983193,1.0,42.3656,-71.0052,33.6407,-84.4277
BOS,ATL,UA,25.0,2.0,42.3656,-71.0052,33.6407,-84.4277
BOS,AUS,AA,20.03942652329749,1.0,42.3656,-71.0052,30.1945,-97.6699
BOS,AUS,DL,23.083887657058387,2.0,42.3656,-71.0052,30.1945,-97.6699
BOS,BNA,DL,13.242024965325935,1.0,42.3656,-71.0052,36.1263,-86.6782
BOS,CLT,AA,14.072031282156823,1.0,42.3656,-71.0052,35.214,-80.9431
BOS,DCA,AA,15.712900217594033,2.0,42.3656,-71.0052,38.8512,-77.0377
BOS,DCA,DL,11.229007633587786,1.0,42.3656,-71.0052,38.8512,-77.0377
BOS,DEN,DL,13.54040404040404,2.0,42.3656,-71.0052,39.8561,-104.6737
BOS,DEN,UA,9.866356228172291,1.0,42.3656,-71.0052,39.8561,-104.6737
BOS,DFW,AA,16.407102148180623,1.0,42.3656,-71.0052,32.8998,-97.0403
BOS,DFW,DL,17.904390644234716,2.0,42.3656,-71.0052,32.8998,-97.0403
BOS,DTW,DL,13.109752369306024,1.0,42.3656,-71.0052,42.2121,-83.3534
BOS,EWR,UA,20.26979608050847,1.0,42.3656,-71.0052,40.6895,-74.1745
BOS,IAH,UA,12.91440411546156,1.0,42.3656,-71.0052,29.9902,-95.3414
BOS,JFK,AA,12.296278850682995,1.0,42.3656,-71.0052,40.6413,-73.7781
BOS,JFK,DL,18.549281657200133,2.0,42.3656,-71.0052,40.6413,-73.7781
BOS,LAS,DL,11.552618200305034,1.0,42.3656,-71.0052,36.0801,-115.1523
BOS,LAS,UA,21.2,2.0,42.3656,-71.0052,36.0801,-115.1523
BOS,LAX,AA,15.55589037164586,2.0,42.3656,-71.0052,33.9416,-118.4085
BOS,LAX,DL,19.746775153800357,3.0,42.3656,-71.0052,33.9416,-118.4085
BOS,LAX,UA,11.156720430107526,1.0,42.3656,-71.0052,33.9416,-118.4085
BOS,MCO,DL,15.464074074074071,1.0,42.3656,-71.0052,28.4312,-81.3081
BOS,MIA,AA,13.178881217914675,1.0,42.3656,-71.0052,25.7959,-80.2906
BOS,MIA,DL,18.4613789528253,2.0,42.3656,-71.0052,25.7959,-80.2906
BOS,ORD,AA,16.368588246286087,2.0,42.3656,-71.0052,41.9742,-87.9073
BOS,ORD,DL,19.20210727969349,3.0,42.3656,-71.0052,41.9742,-87.9073
BOS,ORD,UA,15.429821551132465,1.0,42.3656,-71.0052,41.9742,-87.9073
BOS,PHL,AA,18.060382513661203,2.0,42.3656,-71.0052,39.8719,-75.2411
BOS,PHL,DL,0.0,1.0,42.3656,-71.0052,39.8719,-75.2411
BOS,PHX,AA,14.820872514259287,1.0,42.3656,-71.0052,33.4342,-112.0116
BOS,PHX,DL,14.97043701799486,2.0,42.3656,-71.0052,33.4342,-112.0116
BOS,SAN,DL,13.327313769751694,1.0,42.3656,-71.0052,32.7338,-117.1973
BOS,SEA,DL,13.800590115564296,1.0,42.3656,-71.0052,47.4502,-122.3088
BOS,SFO,DL,16.445328719723182,2.0,42.3656,-71.0052,37.6213,-122.379
BOS,SFO,UA,14.76120212650537,1.0,42.3656,-71.0052,37.6213,-122.379
BOS,SLC,DL,11.806480446927374,1.0,42.3656,-71.0052,40.7899,-111.9791
BOS,TPA,DL,16.835182616736017,1.0,42.3656,-71.0052,27.9755,-82.5333
BWI,ATL,DL,11.057650221972112,1.0,39.1754,-76.6684,33.6407,-84.4277
BWI,CLT,AA,14.126179785576834,1.0,39.1754,-76.6684,35.214,-80.9431
BWI,DEN,UA,11.48603497781258,1.0,39.1754,-76.6684,39.8561,-104.6737
BWI,DFW,AA,21.53319343761923,1.0,39.1754,-76.6684,32.8998,-97.0403
BWI,DTW,DL,11.723332800255877,1.0,39.1754,-76.6684,42.2121,-83.3534
BWI,IAH,UA,11.852251696483652,1.0,39.1754,-76.6684,29.9902,-95.3414
BWI,LAX,UA,7.449115044247788,1.0,39.1754,-76.6684,33.9416,-118.4085
BWI,MIA,AA,14.885973763874874,1.0,39.1754,-76.6684,25.7959,-80.2906
BWI,ORD,AA,15.02565502183406,2.0,39.1754,-76.6684,41.9742,-87.9073
BWI,ORD,UA,13.737615370126202,1.0,39.1754,-76.6684,41.9742,-87.9073
BWI,PHX,AA,11.64471403812825,1.0,39.1754,-76.6684,33.4342,-112.0116
BWI,SFO,UA,13.127111826226871,1.0,39.1754,-76.6684,37.6213,-122.379
BWI,SLC,DL,9.050022737608003,1.0,39.1754,-76.6684,40.7899,-111.9791
CLT,ATL,AA,16.945145903479236,2.0,35.214,-80.9431,33.6407,-84.4277
CLT,ATL,DL,10.280282163251597,1.0,35.214,-80.9431,33.6407,-84.4277
CLT,AUS,AA,16.758520505084366,1.0,35.214,-80.9431,30.1945,-97.6699
CLT,BNA,AA,15.803317792475331,1.0,35.214,-80.9431,36.1263,-86.6782
CLT,BOS,AA,17.57448412970453,1.0,35.214,-80.9431,42.3656,-71.0052
CLT,BWI,AA,16.478726324457863,1.0,35.214,-80.9431,39.1754,-76.6684
CLT,DCA,AA,16.2650042592736,1.0,35.214,-80.9431,38.8512,-77.0377
CLT,DEN,AA,16.107045763479835,2.0,35.214,-80.9431,39.8561,-104.6737
CLT,DEN,UA,15.753504672897195,1.0,35.214,-80.9431,39.8561,-104.6737
CLT,DFW,AA,15.69083516855836,1.0,35.214,-80.9431,32.8998,-97.0403
CLT,DTW,AA,15.192159559834938,2.0,35.214,-80.9431,42.2121,-83.3534
CLT,DTW,DL,8.308221099887767,1.0,35.214,-80.9431,42.2121,-83.3534
CLT,EWR,AA,23.81055176582333,2.0,35.214,-80.9431,40.6895,-74.1745
CLT,EWR,UA,23.276559033768795,1.0,35.214,-80.9431,40.6895,-74.1745
CLT,IAH,AA,17.386818069612442,2.0,35.214,-80.9431,29.9902,-95.3414
CLT,IAH,UA,16.454045954045952,1.0,35.214,-80.9431,29.9902,-95.3414
CLT,JFK,AA,17.903093207275717,1.0,35.214,-80.9431,40.6413,-73.7781
CLT,JFK,DL,18.360544217687075,2.0,35.214,-80.9431,40.6413,-73.7781
CLT,LAS,AA,16.022039979497695,1.0,35.214,-80.9431,36.0801,-115.1523
CLT,LAX,AA,14.630497783839072,1.0,35.214,-80.9431,33.9416,-118.4085
CLT,MCO,AA,17.627983761840326,1.0,35.214,-80.9431,28.4312,-81.3081
CLT,MIA,AA,17.203813893469064,1.0,35.214,-80.9431,25.7959,-80.2906
CLT,ORD,AA,17.407729160012774,1.0,35.214,-80.9431,41.9742,-87.9073
CLT,ORD,UA,18.058,2.0,35.214,-80.9431,41.9742,-87.9073
CLT,PHL,AA,16.892574092574094,1.0,35.214,-80.9431,39.8719,-75.2411
CLT,PHX,AA,14.51581792942208,1.0,35.214,-80.9431,33.4342,-112.0116
CLT,SAN,AA,15.482617896009671,1.0,35.214,-80.9431,32.7338,-117.1973
CLT,SEA,AA,20.884417656443897,1.0,35.214,-80.9431,47.4502,-122.3088
CLT,SFO,AA,22.494994866529773,1.0,35.214,-80.9431,37.6213,-122.379
CLT,SLC,AA,17.272682687591956,2.0,35.214,-80.9431,40.7899,-111.9791
CLT,SLC,DL,12.048743718592965,1.0,35.214,-80.9431,40.7899,-111.9791
CLT,TPA,AA,17.037758675581024,1.0,35.214,-80.9431,27.9755,-82.5333
DCA,ATL,AA,14.195173137460651,2.0,38.8512,-77.0377,33.6407,-84.4277
DCA,ATL,DL,13.042373758278146,1.0,38.8512,-77.0377,33.6407,-84.4277
DCA,BNA,AA,18.98633540372671,1.0,38.8512,-77.0377,36.1263,-86.6782
DCA,BOS,AA,18.39589788077829,1.0,38.8512,-77.0377,42.3656,-71.0052
DCA,BOS,DL,19.04580152671756,2.0,38.8512,-77.0377,42.3656,-71.0052
DCA,CLT,AA,15.24055142503098,1.0,38.8512,-77.0377,35.214,-80.9431
DCA,DEN,UA,21.692869174621,1.0,38.8512,-77.0377,39.8561,-104.6737
DCA,DFW,AA,17.657247682801234,1.0,38.8512,-77.0377,32.8998,-97.0403
DCA,DTW,DL,11.4603056675865,1.0,38.8512,-77.0377,42.2121,-83.3534
DCA,EWR,UA,33.28155339805825,1.0,38.8512,-77.0377,40.6895,-74.1745
DCA,IAH,UA,13.233856655290102,1.0,38.8512,-77.0377,29.9902,-95.3414
DCA,JFK,AA,17.38121546961326,2.0,38.8512,-77.0377,40.6413,-73.7781
DCA,JFK,DL,6.6735537190082646,1.0,38.8512,-77.0377,40.6413,-73.7781
DCA,LAS,AA,7.908077994428969,1.0,38.8512,-77.0377,36.0801,-115.1523
DCA,LAX,AA,13.4084939927354,1.0,38.8512,-77.0377,33.9416,-118.4085
DCA,LAX,DL,19.151414309484192,2.0,38.8512,-77.0377,33.9416,-118.4085
DCA,MCO,AA,15.062427207081296,1.0,38.8512,-77.0377,28.4312,-81.3081
DCA,MCO,DL,15.880697050938338,2.0,38.8512,-77.0377,28.4312,-81.3081
DCA,MIA,AA,16.483382936507937,1.0,38.8512,-77.0377,25.7959,-80.2906
DCA,MIA,DL,18.900726392251816,2.0,38.8512,-77.0377,25.7959,-80.2906
DCA,ORD,AA,16.56124288083051,2.0,38.8512,-77.0377,41.9742,-87.9073
DCA,ORD,UA,13.618716616667886,1.0,38.8512,-77.0377,41.9742,-87.9073
DCA,PHL,AA,13.65228013029316,1.0,38.8512,-77.0377,39.8719,-75.2411
DCA,PHX,AA,13.534861868069912,1.0,38.8512,-77.0377,33.4342,-112.0116
DCA,SFO,UA,16.04502501389661,1.0,38.8512,-77.0377,37.6213,-122.379
DCA,SLC,DL,19.649639089394785,1.0,38.8512,-77.0377,40.7899,-111.9791
DCA,TPA,AA,15.249339754544042,1.0,38.8512,-77.0377,27.9755,-82.5333
DEN,ATL,DL,11.223899913718723,1.0,39.8561,-104.6737,33.6407,-84.4277
DEN,ATL,UA,14.283473516708344,2.0,39.8561,-104.6737,33.6407,-84.4277
DEN,AUS,AA,15.44973544973545,2.0,39.8561,-104.6737,30.1945,-97.6699
DEN,AUS,UA,13.91022616900236,1.0,39.8561,-104.6737,30.1945,-97.6699
DEN,BNA,UA,12.436750599520384,1.0,39.8561,-104.6737,36.1263,-86.6782
DEN,BOS,DL,16.724798387096776,2.0,39.8561,-104.6737,42.3656,-71.0052
DEN,BOS,UA,15.42782487515968,1.0,39.8561,-104.6737,42.3656,-71.0052
DEN,BWI,UA,12.818988002086591,1.0,39.8561,-104.6737,39.1754,-76.6684
DEN,CLT,AA,16.128487185302788,1.0,39.8561,-104.6737,35.214,-80.9431
DEN,CLT,UA,17.212342402123426,2.0,39.8561,-104.6737,35.214,-80.9431
DEN,DCA,UA,11.287222222222224,1.0,39.8561,-104.6737,38.8512,-77.0377
DEN,DFW,AA,21.43231645993966,2.0,39.8561,-104.6737,32.8998,-97.0403
DEN,DFW,UA,15.646637028538647,1.0,39.8561,-104.6737,32.8998,-97.0403
DEN,DTW,DL,10.377069096431285,1.0,39.8561,-104.6737,42.2121,-83.3534
DEN,DTW,UA,13.82887189292543,2.0,39.8561,-104.6737,42.2121,-83.3534
DEN,EWR,UA,21.93964800443459,1.0,39.8561,-104.6737,40.6895,-74.1745
DEN,IAH,UA,15.752532801860156,1.0,39.8561,-104.6737,29.9902,-95.3414
DEN,JFK,AA,13.16058394160584,1.0,39.8561,-104.6737,40.6413,-73.7781
DEN,JFK,DL,14.795941375422773,2.0,39.8561,-104.6737,40.6413,-73.7781
DEN,LAS,UA,15.468640646029607,1.0,39.8561,-104.6737,36.0801,-115.1523
DEN,LAX,AA,16.24232456140351,3.0,39.8561,-104.6737,33.9416,-118.4085
DEN,LAX,DL,15.358343583435834,1.0,39.8561,-104.6737,33.9416,-118.4085
DEN,LAX,UA,15.555002104672372,2.0,39.8561,-104.6737,33.9416,-118.4085
DEN,MCO,UA,14.707783811740368,1.0,39.8561,-104.6737,28.4312,-81.3081
DEN,MIA,AA,19.550907258064516,2.0,39.8561,-104.6737,25.7959,-80.2906
DEN,MIA,UA,19.117542297417632,1.0,39.8561,-104.6737,25.7959,-80.2906
DEN,ORD,AA,18.851651946352632,2.0,39.8561,-104.6737,41.9742,-87.9073
DEN,ORD,UA,17.579940016149497,1.0,39.8561,-104.6737,41.9742,-87.9073
DEN,PHL,AA,19.026249650935497,2.0,39.8561,-104.6737,39.8719,-75.2411
DEN,PHL,UA,14.289595912679982,1.0,39.8561,-104.6737,39.8719,-75.2411
DEN,PHX,AA,19.70989591937882,2.0,39.8561,-104.6737,33.4342,-112.0116
DEN,PHX,UA,12.870470637234485,1.0,39.8561,-104.6737,33.4342,-112.0116
DEN,SAN,UA,12.605451483898127,1.0,39.8561,-104.6737,32.7338,-117.1973
DEN,SEA,DL,13.651877797236816,1.0,39.8561,-104.6737,47.4502,-122.3088
DEN,SEA,UA,13.983766233766234,2.0,39.8561,-104.6737,47.4502,-122.3088
DEN,SFO,UA,19.611775417298936,1.0,39.8561,-104.6737,37.6213,-122.379
DEN,SLC,DL,11.264724589746852,1.0,39.8561,-104.6737,40.7899,-111.9791
DEN,SLC,UA,13.660748429390877,2.0,39.8561,-104.6737,40.7899,-111.9791
DEN,TPA,UA,13.984553775743708,1.0,39.8561,-104.6737,27.9755,-82.5333
DFW,ATL,AA,18.736356466876973,2.0,32.8998,-97.0403,33.6407,-84.4277
DFW,ATL,DL,12.914261122881356,1.0,32.8998,-97.0403,33.6407,-84.4277
DFW,AUS,AA,20.159503585778953,1.0,32.8998,-97.0403,30.1945,-97.6699
DFW,BNA,AA,18.774683351136883,1.0,32.8998,-97.0403,36.1263,-86.6782
DFW,BOS,AA,18.89697180647407,1.0,32.8998,-97.0403,42.3656,-71.0052
DFW,BOS,DL,24.232443531827517,2.0,32.8998,-97.0403,42.3656,-71.0052
DFW,BWI,AA,16.96340538490709,1.0,32.8998,-97.0403,39.1754,-76.6684
DFW,CLT,AA,18.406401169985376,1.0,32.8998,-97.0403,35.214,-80.9431
DFW,DCA,AA,16.67551622418879,1.0,32.8998,-97.0403,38.8512,-77.0377
DFW,DEN,AA,20.05338602719539,2.0,32.8998,-97.0403,39.8561,-104.6737
DFW,DEN,UA,17.076695750070364,1.0,32.8998,-97.0403,39.8561,-104.6737
DFW,DTW,AA,17.404878662140074,2.0,32.8998,-97.0403,42.2121,-83.3534
DFW,DTW,DL,17.156856455493184,1.0,32.8998,-97.0403,42.2121,-83.3534
DFW,EWR,AA,23.387731026346835,2.0,32.8998,-97.0403,40.6895,-74.1745
DFW,EWR,UA,23.185780787135,1.0,32.8998,-97.0403,40.6895,-74.1745
DFW,IAH,AA,21.48707389613361,2.0,32.8998,-97.0403,29.9902,-95.3414
DFW,IAH,UA,18.75700934579439,1.0,32.8998,-97.0403,29.9902,-95.3414
DFW,JFK,AA,19.23248605083695,2.0,32.8998,-97.0403,40.6413,-73.7781
DFW,JFK,DL,14.052698145025294,1.0,32.8998,-97.0403,40.6413,-73.7781
DFW,LAS,AA,21.029368658399097,1.0,32.8998,-97.0403,36.0801,-115.1523
DFW,LAX,AA,17.32083597213426,3.0,32.8998,-97.0403,33.9416,-118.4085
DFW,LAX,DL,13.243516243516243,2.0,32.8998,-97.0403,33.9416,-118.4085
DFW,LAX,UA,6.4743589743589745,1.0,32.8998,-97.0403,33.9416,-118.4085
DFW,MCO,AA,22.824614416115832,1.0,32.8998,-97.0403,28.4312,-81.3081
DFW,MIA,AA,20.607201668679327,1.0,32.8998,-97.0403,25.7959,-80.2906
DFW,ORD,AA,17.685410560826586,2.0,32.8998,-97.0403,41.9742,-87.9073
DFW,ORD,UA,17.549789776499225,1.0,32.8998,-97.0403,41.9742,-87.9073
DFW,PHL,AA,19.60418364574844,1.0,32.8998,-97.0403,39.8719,-75.2411
DFW,PHX,AA,19.831112504572296,1.0,32.8998,-97.0403,33.4342,-112.0116
DFW,SAN,AA,20.416947584109987,1.0,32.8998,-97.0403,32.7338,-117.1973
DFW,SEA,AA,18.87746256895193,2.0,32.8998,-97.0403,47.4502,-122.3088
DFW,SEA,DL,13.48396501457726,1.0,32.8998,-97.0403,47.4502,-122.3088
DFW,SFO,AA,24.10064284233082,2.0,32.8998,-97.0403,37.6213,-122.379
DFW,SFO,UA,19.6839481555334,1.0,32.8998,-97.0403,37.6213,-122.379
DFW,SLC,AA,21.74073371883591,2.0,32.8998,-97.0403,40.7899,-111.9791
DFW,SLC,DL,14.971718024482904,1.0,32.8998,-97.0403,40.7899,-111.9791
DFW,TPA,AA,19.891643378707293,1.0,32.8998,-97.0403,27.9755,-82.5333
DTW,ATL,DL,10.094972067039109,1.0,42.2121,-83.3534,33.6407,-84.4277
DTW,AUS,AA,15.5,2.0,42.2121,-83.3534,30.1945,-97.6699
DTW,AUS,DL,11.62497810474689,1.0,42.2121,-83.3534,30.1945,-97.6699
DTW,BNA,DL,8.372241029113066,1.0,42.2121,-83.3534,36.1263,-86.6782
DTW,BOS,DL,14.184280187334554,1.0,42.2121,-83.3534,42.3656,-71.0052
DTW,BWI,DL,11.622044728434505,1.0,42.2121,-83.3534,39.1754,-76.6684
DTW,CLT,AA,14.425575941509171,2.0,42.2121,-83.3534,35.214,-80.9431
DTW,CLT,DL,7.5158440830061695,1.0,42.2121,-83.3534,35.214,-80.9431
DTW,DCA,DL,12.317210587860105,1.0,42.2121,-83.3534,38.8512,-77.0377
DTW,DEN,DL,9.970816233470131,1.0,42.2121,-83.3534,39.8561,-104.6737
DTW,DEN,UA,10.06656,2.0,42.2121,-83.3534,39.8561,-104.6737
DTW,DFW,AA,16.98485231002272,2.0,42.2121,-83.3534,32.8998,-97.0403
DTW,DFW,DL,16.316384180790962,1.0,42.2121,-83.3534,32.8998,-97.0403
DTW,EWR,DL,20.314964610717897,2.0,42.2121,-83.3534,40.6895,-74.1745
DTW,EWR,UA,14.735366859027206,1.0,42.2121,-83.3534,40.6895,-74.1745
DTW,IAH,DL,15.748854041013267,2.0,42.2121,-83.3534,29.9902,-95.3414
DTW,IAH,UA,14.485219899062724,1.0,42.2121,-83.3534,29.9902,-95.3414
DTW,JFK,DL,23.80490797546012,1.0,42.2121,-83.3534,40.6413,-73.7781
DTW,LAS,DL,10.61237507973634,2.0,42.2121,-83.3534,36.0801,-115.1523
DTW,LAS,UA,0.0,1.0,42.2121,-83.3534,36.0801,-115.1523
DTW,LAX,AA,0.0,1.0,42.2121,-83.3534,33.9416,-118.4085
DTW,LAX,DL,11.634835372525616,2.0,42.2121,-83.3534,33.9416,-118.4085
DTW,MCO,DL,13.698116851762434,1.0,42.2121,-83.3534,28.4312,-81.3081
DTW,MIA,AA,10.415235250186706,1.0,42.2121,-83.3534,25.7959,-80.2906
DTW,MIA,DL,13.572683706070288,2.0,42.2121,-83.3534,25.7959,-80.2906
DTW,ORD,AA,29.746920492721166,3.0,42.2121,-83.3534,41.9742,-87.9073
DTW,ORD,DL,13.773308532899328,1.0,42.2121,-83.3534,41.9742,-87.9073
DTW,ORD,UA,16.56256157635468,2.0,42.2121,-83.3534,41.9742,-87.9073
DTW,PHL,AA,19.134853743182944,2.0,42.2121,-83.3534,39.8719,-75.2411
DTW,PHL,DL,11.827591510304522,1.0,42.2121,-83.3534,39.8719,-75.2411
DTW,PHX,AA,14.262992125984251,2.0,42.2121,-83.3534,33.4342,-112.0116
DTW,PHX,DL,11.068455971049458,1.0,42.2121,-83.3534,33.4342,-112.0116
DTW,SAN,DL,10.74757845796203,1.0,42.2121,-83.3534,32.7338,-117.1973
DTW,SEA,DL,8.821393158155677,1.0,42.2121,-83.3534,47.4502,-122.3088
DTW,SEA,UA,16.0,2.0,42.2121,-83.3534,47.4502,-122.3088
DTW,SFO,DL,12.801391149918604,1.0,42.2121,-83.3534,37.6213,-122.379
DTW,SFO,UA,27.860491071428573,2.0,42.2121,-83.3534,37.6213,-122.379
DTW,SLC,DL,8.290770669159878,1.0,42.2121,-83.3534,40.7899,-111.9791
DTW,TPA,DL,10.897817988291644,1.0,42.2121,-83.3534,27.9755,-82.5333
EWR,ATL,DL,19.456017666543985,2.0,40.6895,-74.1745,33.6407,-84.4277
EWR,ATL,UA,18.817245407242225,1.0,40.6895,-74.1745,33.6407,-84.4277
EWR,AUS,UA,18.7989798979898,1.0,40.6895,-74.1745,30.1945,-97.6699
EWR,BNA,UA,19.93670022180515,1.0,40.6895,-74.1745,36.1263,-86.6782
EWR,BOS,UA,21.785770960063477,1.0,40.6895,-74.1745,42.3656,-71.0052
EWR,CLT,AA,19.188146997929607,1.0,40.6895,-74.1745,35.214,-80.9431
EWR,CLT,UA,22.539724704177736,2.0,40.6895,-74.1745,35.214,-80.9431
EWR,DCA,UA,35.34272300469483,1.0,40.6895,-74.1745,38.8512,-77.0377
EWR,DEN,UA,18.73224466812135,1.0,40.6895,-74.1745,39.8561,-104.6737
EWR,DFW,AA,18.573548726030996,1.0,40.6895,-74.1745,32.8998,-97.0403
EWR,DFW,UA,22.957283984972868,2.0,40.6895,-74.1745,32.8998,-97.0403
EWR,DTW,DL,20.378647326699276,2.0,40.6895,-74.1745,42.2121,-83.3534
EWR,DTW,UA,19.390842191332787,1.0,40.6895,-74.1745,42.2121,-83.3534
EWR,IAH,UA,18.774725959143,1.0,40.6895,-74.1745,29.9902,-95.3414
EWR,LAS,UA,18.14921215286846,1.0,40.6895,-74.1745,36.0801,-115.1523
EWR,LAX,UA,21.27162421912542,1.0,40.6895,-74.1745,33.9416,-118.4085
EWR,MCO,UA,20.25274107393871,1.0,40.6895,-74.1745,28.4312,-81.3081
EWR,MIA,AA,19.216899097621003,1.0,40.6895,-74.1745,25.7959,-80.2906
EWR,MIA,UA,22.207488766849725,2.0,40.6895,-74.1745,25.7959,-80.2906
EWR,ORD,AA,22.996307593514207,2.0,40.6895,-74.1745,41.9742,-87.9073
EWR,ORD,UA,20.24671143919631,1.0,40.6895,-74.1745,41.9742,-87.9073
EWR,PHL,UA,65.66666666666667,1.0,40.6895,-74.1745,39.8719,-75.2411
EWR,PHX,AA,19.28807511737089,2.0,40.6895,-74.1745,33.4342,-112.0116
EWR,PHX,UA,16.736825497002208,1.0,40.6895,-74.1745,33.4342,-112.0116
EWR,SAN,UA,17.427097661623108,1.0,40.6895,-74.1745,32.7338,-117.1973
EWR,SEA,UA,21.783062861406453,1.0,40.6895,-74.1745,47.4502,-122.3088
EWR,SFO,UA,23.794414735591207,1.0,40.6895,-74.1745,37.6213,-122.379
EWR,SLC,DL,23.351813255523133,2.0,40.6895,-74.1745,40.7899,-111.9791
EWR,SLC,UA,21.371939736346516,1.0,40.6895,-74.1745,40.7899,-111.9791
EWR,TPA,UA,18.739261625843096,1.0,40.6895,-74.1745,27.9755,-82.5333
IAH,ATL,DL,12.909719849675437,1.0,29.9902,-95.3414,33.6407,-84.4277
IAH,ATL,UA,17.94365763546798,2.0,29.9902,-95.3414,33.6407,-84.4277
IAH,AUS,UA,15.338087691494982,1.0,29.9902,-95.3414,30.1945,-97.6699
IAH,BNA,UA,15.792777777777776,1.0,29.9902,-95.3414,36.1263,-86.6782
IAH,BOS,UA,15.510186636272971,1.0,29.9902,-95.3414,42.3656,-71.0052
IAH,BWI,UA,13.08286951144094,1.0,29.9902,-95.3414,39.1754,-76.6684
IAH,CLT,AA,18.47212629501727,2.0,29.9902,-95.3414,35.214,-80.9431
IAH,CLT,UA,18.33428435568236,1.0,29.9902,-95.3414,35.214,-80.9431
IAH,DCA,UA,14.648122566871782,1.0,29.9902,-95.3414,38.8512,-77.0377
IAH,DEN,UA,14.146648199445984,1.0,29.9902,-95.3414,39.8561,-104.6737
IAH,DFW,AA,22.229354297053884,2.0,29.9902,-95.3414,32.8998,-97.0403
IAH,DFW,UA,19.132302405498283,1.0,29.9902,-95.3414,32.8998,-97.0403
IAH,DTW,DL,16.708032708032707,2.0,29.9902,-95.3414,42.2121,-83.3534
IAH,DTW,UA,16.227174694464413,1.0,29.9902,-95.3414,42.2121,-83.3534
IAH,EWR,UA,20.894812589950565,1.0,29.9902,-95.3414,40.6895,-74.1745
IAH,JFK,DL,19.72,1.0,29.9902,-95.3414,40.6413,-73.7781
IAH,LAS,UA,13.537785105798296,1.0,29.9902,-95.3414,36.0801,-115.1523
IAH,LAX,AA,17.06713780918728,3.0,29.9902,-95.3414,33.9416,-118.4085
IAH,LAX,DL,12.482178217821785,1.0,29.9902,-95.3414,33.9416,-118.4085
IAH,LAX,UA,13.173396237975616,2.0,29.9902,-95.3414,33.9416,-118.4085
IAH,MCO,UA,15.700305261267731,1.0,29.9902,-95.3414,28.4312,-81.3081
IAH,MIA,AA,20.28881222276984,2.0,29.9902,-95.3414,25.7959,-80.2906
IAH,MIA,UA,16.04888673765731,1.0,29.9902,-95.3414,25.7959,-80.2906
IAH,ORD,AA,20.985101099680737,2.0,29.9902,-95.3414,41.9742,-87.9073
IAH,ORD,UA,14.821607006406865,1.0,29.9902,-95.3414,41.9742,-87.9073
IAH,PHL,AA,25.77958519723465,2.0,29.9902,-95.3414,39.8719,-75.2411
IAH,PHL,UA,15.107091518926689,1.0,29.9902,-95.3414,39.8719,-75.2411
IAH,PHX,AA,20.27019867549669,2.0,29.9902,-95.3414,33.4342,-112.0116
IAH,PHX,UA,13.274785323965652,1.0,29.9902,-95.3414,33.4342,-112.0116
IAH,SAN,UA,12.11534872871472,1.0,29.9902,-95.3414,32.7338,-117.1973
IAH,SEA,DL,39.5,2.0,29.9902,-95.3414,47.4502,-122.3088
IAH,SEA,UA,14.432185937040304,1.0,29.9902,-95.3414,47.4502,-122.3088
IAH,SFO,UA,16.977941176470587,1.0,29.9902,-95.3414,37.6213,-122.379
IAH,SLC,DL,17.000243486729975,2.0,29.9902,-95.3414,40.7899,-111.9791
IAH,SLC,UA,15.520756115641216,1.0,29.9902,-95.3414,40.7899,-111.9791
IAH,TPA,UA,15.088960947412945,1.0,29.9902,-95.3414,27.9755,-82.5333
JFK,ATL,AA,0.25,1.0,40.6413,-73.7781,33.6407,-84.4277
JFK,ATL,DL,16.641045588921738,2.0,40.6413,-73.7781,33.6407,-84.4277
JFK,AUS,AA,17.983970406905055,2.0,40.6413,-73.7781,30.1945,-97.6699
JFK,AUS,DL,16.1846012832264,1.0,40.6413,-73.7781,30.1945,-97.6699
JFK,BOS,AA,12.620357634112793,1.0,40.6413,-73.7781,42.3656,-71.0052
JFK,BOS,DL,22.855038500167392,2.0,40.6413,-73.7781,42.3656,-71.0052
JFK,CLT,AA,14.736436498150432,2.0,40.6413,-73.7781,35.214,-80.9431
JFK,CLT,DL,14.10894495412844,1.0,40.6413,-73.7781,35.214,-80.9431
JFK,DCA,AA,8.417602996254681,1.0,40.6413,-73.7781,38.8512,-77.0377
JFK,DCA,DL,28.545081967213115,2.0,40.6413,-73.7781,38.8512,-77.0377
JFK,DEN,AA,29.78676470588235,2.0,40.6413,-73.7781,39.8561,-104.6737
JFK,DEN,DL,15.754844524560612,1.0,40.6413,-73.7781,39.8561,-104.6737
JFK,DFW,AA,16.473913043478262,1.0,40.6413,-73.7781,32.8998,-97.0403
JFK,DFW,DL,24.50971283783784,2.0,40.6413,-73.7781,32.8998,-97.0403
JFK,DTW,DL,19.75737100737101,1.0,40.6413,-73.7781,42.2121,-83.3534
JFK,IAH,DL,12.443548387096774,1.0,40.6413,-73.7781,29.9902,-95.3414
JFK,LAS,AA,16.968065122103944,2.0,40.6413,-73.7781,36.0801,-115.1523
JFK,LAS,DL,12.021993213522684,1.0,40.6413,-73.7781,36.0801,-115.1523
JFK,LAX,AA,11.754759618100673,1.0,40.6413,-73.7781,33.9416,-118.4085
JFK,LAX,DL,16.645759268664296,2.0,40.6413,-73.7781,33.9416,-118.4085
JFK,LAX,UA,18.71938775510204,3.0,40.6413,-73.7781,33.9416,-118.4085
JFK,MCO,AA,13.786610878661088,1.0,40.6413,-73.7781,28.4312,-81.3081
JFK,MCO,DL,16.185590032910202,2.0,40.6413,-73.7781,28.4312,-81.3081
JFK,MIA,AA,16.903742927607716,1.0,40.6413,-73.7781,25.7959,-80.2906
JFK,MIA,DL,18.25973665973666,2.0,40.6413,-73.7781,25.7959,-80.2906
JFK,ORD,AA,21.82204183577896,2.0,40.6413,-73.7781,41.9742,-87.9073
JFK,ORD,DL,1.875,1.0,40.6413,-73.7781,41.9742,-87.9073
JFK,PHL,AA,1.0,1.0,40.6413,-73.7781,39.8719,-75.2411
JFK,PHL,DL,18.44029850746269,2.0,40.6413,-73.7781,39.8719,-75.2411
JFK,PHX,AA,13.229410869234282,1.0,40.6413,-73.7781,33.4342,-112.0116
JFK,PHX,DL,14.883911368015417,2.0,40.6413,-73.7781,33.4342,-112.0116
JFK,SAN,AA,14.340751043115436,1.0,40.6413,-73.7781,32.7338,-117.1973
JFK,SAN,DL,14.9069483949614,2.0,40.6413,-73.7781,32.7338,-117.1973
JFK,SEA,AA,16.894645941278064,2.0,40.6413,-73.7781,47.4502,-122.3088
JFK,SEA,DL,13.824385939108693,1.0,40.6413,-73.7781,47.4502,-122.3088
JFK,SFO,AA,15.18764489294968,1.0,40.6413,-73.7781,37.6213,-122.379
JFK,SFO,DL,16.320367172589293,2.0,40.6413,-73.7781,37.6213,-122.379
JFK,SFO,UA,19.2960413080895,3.0,40.6413,-73.7781,37.6213,-122.379
JFK,SLC,DL,11.28192961644919,1.0,40.6413,-73.7781,40.7899,-111.9791
JFK,TPA,DL,15.97250244061178,1.0,40.6413,-73.7781,27.9755,-82.5333
LAS,ATL,DL,11.643356159645846,1.0,36.0801,-115.1523,33.6407,-84.4277
LAS,AUS,AA,24.68010752688172,2.0,36.0801,-115.1523,30.1945,-97.6699
LAS,AUS,DL,24.76957494407159,3.0,36.0801,-115.1523,30.1945,-97.6699
LAS,AUS,UA,0.0,1.0,36.0801,-115.1523,30.1945,-97.6699
LAS,BNA,DL,0.0,1.0,36.0801,-115.1523,36.1263,-86.6782
LAS,BOS,DL,16.214939024390244,2.0,36.0801,-115.1523,42.3656,-71.0052
LAS,BOS,UA,1.2,1.0,36.0801,-115.1523,42.3656,-71.0052
LAS,CLT,AA,16.850082203041513,1.0,36.0801,-115.1523,35.214,-80.9431
LAS,DCA,AA,22.008993816750984,1.0,36.0801,-115.1523,38.8512,-77.0377
LAS,DEN,UA,13.984182618855035,1.0,36.0801,-115.1523,39.8561,-104.6737
LAS,DFW,AA,20.00463774673378,1.0,36.0801,-115.1523,32.8998,-97.0403
LAS,DTW,DL,8.41453810131971,2.0,36.0801,-115.1523,42.2121,-83.3534
LAS,DTW,UA,0.0,1.0,36.0801,-115.1523,42.2121,-83.3534
LAS,EWR,UA,18.31201754385965,1.0,36.0801,-115.1523,40.6895,-74.1745
LAS,IAH,UA,11.392613741020446,1.0,36.0801,-115.1523,29.9902,-95.3414
LAS,JFK,AA,13.36625,1.0,36.0801,-115.1523,40.6413,-73.7781
LAS,JFK,DL,13.989171493326618,2.0,36.0801,-115.1523,40.6413,-73.7781
LAS,LAX,AA,18.29370150616157,3.0,36.0801,-115.1523,33.9416,-118.4085
LAS,LAX,DL,13.687729196050777,2.0,36.0801,-115.1523,33.9416,-118.4085
LAS,LAX,UA,10.427326440177252,1.0,36.0801,-115.1523,33.9416,-118.4085
LAS,MCO,DL,2.625,2.0,36.0801,-115.1523,28.4312,-81.3081
LAS,MCO,UA,0.0,1.0,36.0801,-115.1523,28.4312,-81.3081
LAS,MIA,AA,20.42982815057283,1.0,36.0801,-115.1523,25.7959,-80.2906
LAS,ORD,AA,17.535059060065343,2.0,36.0801,-115.1523,41.9742,-87.9073
LAS,ORD,UA,13.00021572645885,1.0,36.0801,-115.1523,41.9742,-87.9073
LAS,PHL,AA,16.634724857685008,1.0,36.0801,-115.1523,39.8719,-75.2411
LAS,PHX,AA,14.717669947356374,1.0,36.0801,-115.1523,33.4342,-112.0116
LAS,PHX,UA,19.0,2.0,36.0801,-115.1523,33.4342,-112.0116
LAS,SAN,DL,13.571428571428571,1.0,36.0801,-115.1523,32.7338,-117.1973
LAS,SEA,DL,10.338565022421523,2.0,36.0801,-115.1523,47.4502,-122.3088
LAS,SEA,UA,0.0,1.0,36.0801,-115.1523,47.4502,-122.3088
LAS,SFO,AA,0.4,2.0,36.0801,-115.1523,37.6213,-122.379
LAS,SFO,DL,0.0,1.0,36.0801,-115.1523,37.6213,-122.379
LAS,SFO,UA,18.06708544737054,3.0,36.0801,-115.1523,37.6213,-122.379
LAS,SLC,DL,9.721453287197232,1.0,36.0801,-115.1523,40.7899,-111.9791
LAX,ATL,AA,12.877557160048134,3.0,33.9416,-118.4085,33.6407,-84.4277
LAX,ATL,DL,12.141110493608853,2.0,33.9416,-118.4085,33.6407,-84.4277
LAX,ATL,UA,0.0,1.0,33.9416,-118.4085,33.6407,-84.4277
LAX,AUS,AA,17.26649395509499,3.0,33.9416,-118.4085,30.1945,-97.6699
LAX,AUS,DL,12.79912330855727,2.0,33.9416,-118.4085,30.1945,-97.6699
LAX,AUS,UA,11.879073756432248,1.0,33.9416,-118.4085,30.1945,-97.6699
LAX,BNA,AA,16.765113592606856,2.0,33.9416,-118.4085,36.1263,-86.6782
LAX,BNA,DL,8.71312662996233,1.0,33.9416,-118.4085,36.1263,-86.6782
LAX,BOS,AA,12.823681936041488,2.0,33.9416,-118.4085,42.3656,-71.0052
LAX,BOS,DL,13.967255407819012,3.0,33.9416,-118.4085,42.3656,-71.0052
LAX,BOS,UA,9.074302575107296,1.0,33.9416,-118.4085,42.3656,-71.0052
LAX,BWI,UA,5.11608623548922,1.0,33.9416,-118.4085,39.1754,-76.6684
LAX,CLT,AA,13.688672807915388,1.0,33.9416,-118.4085,35.214,-80.9431
LAX,DCA,AA,9.72387851769295,2.0,33.9416,-118.4085,38.8512,-77.0377
LAX,DCA,DL,7.514460511679644,1.0,33.9416,-118.4085,38.8512,-77.0377
LAX,DEN,AA,11.89010989010989,2.0,33.9416,-118.4085,39.8561,-104.6737
LAX,DEN,DL,12.949343724364232,3.0,33.9416,-118.4085,39.8561,-104.6737
LAX,DEN,UA,10.030537573881228,1.0,33.9416,-118.4085,39.8561,-104.6737
LAX,DFW,AA,16.203812751535693,3.0,33.9416,-118.4085,32.8998,-97.0403
LAX,DFW,DL,12.971811713191023,2.0,33.9416,-118.4085,32.8998,-97.0403
LAX,DFW,UA,9.934065934065934,1.0,33.9416,-118.4085,32.8998,-97.0403
LAX,DTW,AA,0.0,1.0,33.9416,-118.4085,42.2121,-83.3534
LAX,DTW,DL,8.641158324211364,2.0,33.9416,-118.4085,42.2121,-83.3534
LAX,EWR,UA,15.86201896937111,1.0,33.9416,-118.4085,40.6895,-74.1745
LAX,IAH,AA,15.599647266313934,2.0,33.9416,-118.4085,29.9902,-95.3414
LAX,IAH,DL,16.131017369727047,3.0,33.9416,-118.4085,29.9902,-95.3414
LAX,IAH,UA,8.051209627901265,1.0,33.9416,-118.4085,29.9902,-95.3414
LAX,JFK,AA,17.47059820369429,2.0,33.9416,-118.4085,40.6413,-73.7781
LAX,JFK,DL,17.903673521359902,3.0,33.9416,-118.4085,40.6413,-73.7781
LAX,JFK,UA,12.99151103565365,1.0,33.9416,-118.4085,40.6413,-73.7781
LAX,LAS,AA,16.73024740622506,3.0,33.9416,-118.4085,36.0801,-115.1523
LAX,LAS,DL,11.822375846501128,2.0,33.9416,-118.4085,36.0801,-115.1523
LAX,LAS,UA,10.126350051782808,1.0,33.9416,-118.4085,36.0801,-115.1523
LAX,MCO,AA,13.19112549110238,3.0,33.9416,-118.4085,28.4312,-81.3081
LAX,MCO,DL,12.248579789981063,2.0,33.9416,-118.4085,28.4312,-81.3081
LAX,MCO,UA,5.898892773892774,1.0,33.9416,-118.4085,28.4312,-81.3081
LAX,MIA,AA,15.549955062911923,2.0,33.9416,-118.4085,25.7959,-80.2906
LAX,MIA,DL,12.767012687427911,1.0,33.9416,-118.4085,25.7959,-80.2906
LAX,ORD,AA,16.87713378324732,2.0,33.9416,-118.4085,41.9742,-87.9073
LAX,ORD,UA,10.94351088237118,1.0,33.9416,-118.4085,41.9742,-87.9073
LAX,PHL,AA,15.105080939459157,1.0,33.9416,-118.4085,39.8719,-75.2411
LAX,PHX,AA,16.43158420789605,3.0,33.9416,-118.4085,33.4342,-112.0116
LAX,PHX,DL,2.142857142857143,1.0,33.9416,-118.4085,33.4342,-112.0116
LAX,PHX,UA,8.8864522417154,2.0,33.9416,-118.4085,33.4342,-112.0116
LAX,SAN,DL,10.434869739478955,2.0,33.9416,-118.4085,32.7338,-117.1973
LAX,SAN,UA,5.958333333333333,1.0,33.9416,-118.4085,32.7338,-117.1973
LAX,SEA,AA,3.6597938144329896,1.0,33.9416,-118.4085,47.4502,-122.3088
LAX,SEA,DL,7.724848291280741,2.0,33.9416,-118.4085,47.4502,-122.3088
LAX,SEA,UA,10.628865979381445,3.0,33.9416,-118.4085,47.4502,-122.3088
LAX,SFO,AA,25.858312020460357,3.0,33.9416,-118.4085,37.6213,-122.379
LAX,SFO,DL,15.66207556193209,2.0,33.9416,-118.4085,37.6213,-122.379
LAX,SFO,UA,12.641957186544342,1.0,33.9416,-118.4085,37.6213,-122.379
LAX,SLC,DL,7.086680263570756,2.0,33.9416,-118.4085,40.7899,-111.9791
LAX,SLC,UA,4.0,1.0,33.9416,-118.4085,40.7899,-111.9791
LAX,TPA,AA,12.411057692307692,3.0,33.9416,-118.4085,27.9755,-82.5333
LAX,TPA,DL,11.20958795562599,2.0,33.9416,-118.4085,27.9755,-82.5333
LAX,TPA,UA,6.6841121495327105,1.0,33.9416,-118.4085,27.9755,-82.5333
MCO,ATL,DL,15.507719888775062,1.0,28.4312,-81.3081,33.6407,-84.4277
MCO,AUS,AA,24.96233230134159,2.0,28.4312,-81.3081,30.1945,-97.6699
MCO,AUS,DL,20.739910313901344,1.0,28.4312,-81.3081,30.1945,-97.6699
MCO,BOS,DL,16.52328159645233,1.0,28.4312,-81.3081,42.3656,-71.0052
MCO,CLT,AA,17.3242159995667,1.0,28.4312,-81.3081,35.214,-80.9431
MCO,DCA,AA,21.127158189454036,2.0,28.4312,-81.3081,38.8512,-77.0377
MCO,DCA,DL,17.44489247311828,1.0,28.4312,-81.3081,38.8512,-77.0377
MCO,DEN,UA,14.757141010727672,1.0,28.4312,-81.3081,39.8561,-104.6737
MCO,DFW,AA,20.04602484080449,1.0,28.4312,-81.3081,32.8998,-97.0403
MCO,DTW,DL,15.530262143407864,1.0,28.4312,-81.3081,42.2121,-83.3534
MCO,EWR,UA,22.199605522682447,1.0,28.4312,-81.3081,40.6895,-74.1745
MCO,IAH,UA,15.618448260361411,1.0,28.4312,-81.3081,29.9902,-95.3414
MCO,JFK,AA,15.131799163179917,1.0,28.4312,-81.3081,40.6413,-73.7781
MCO,JFK,DL,18.36706930925296,2.0,28.4312,-81.3081,40.6413,-73.7781
MCO,LAS,DL,9.0,1.0,28.4312,-81.3081,36.0801,-115.1523
MCO,LAS,UA,14.2,2.0,28.4312,-81.3081,36.0801,-115.1523
MCO,LAX,AA,19.392107085160397,3.0,28.4312,-81.3081,33.9416,-118.4085
MCO,LAX,DL,13.369397217928904,2.0,28.4312,-81.3081,33.9416,-118.4085
MCO,LAX,UA,11.368528214077951,1.0,28.4312,-81.3081,33.9416,-118.4085
MCO,MIA,AA,18.357902511078287,2.0,28.4312,-81.3081,25.7959,-80.2906
MCO,MIA,DL,17.671668137687554,1.0,28.4312,-81.3081,25.7959,-80.2906
MCO,ORD,AA,19.095407326407873,2.0,28.4312,-81.3081,41.9742,-87.9073
MCO,ORD,UA,15.951859099804306,1.0,28.4312,-81.3081,41.9742,-87.9073
MCO,PHL,AA,20.232328482328484,1.0,28.4312,-81.3081,39.8719,-75.2411
MCO,PHX,AA,17.876832151300235,1.0,28.4312,-81.3081,33.4342,-112.0116
MCO,SEA,DL,14.016891891891891,1.0,28.4312,-81.3081,47.4502,-122.3088
MCO,SFO,UA,13.234904096613782,1.0,28.4312,-81.3081,37.6213,-122.379
MCO,SLC,DL,12.486253196930946,1.0,28.4312,-81.3081,40.7899,-111.9791
MIA,ATL,AA,22.754561506768688,2.0,25.7959,-80.2906,33.6407,-84.4277
MIA,ATL,DL,16.014374196564216,1.0,25.7959,-80.2906,33.6407,-84.4277
MIA,AUS,AA,21.711892797319933,1.0,25.7959,-80.2906,30.1945,-97.6699
MIA,BNA,AA,25.251294697903823,1.0,25.7959,-80.2906,36.1263,-86.6782
MIA,BOS,AA,17.715757949440675,1.0,25.7959,-80.2906,42.3656,-71.0052
MIA,BOS,DL,28.684889118102113,2.0,25.7959,-80.2906,42.3656,-71.0052
MIA,BWI,AA,17.675084175084177,1.0,25.7959,-80.2906,39.1754,-76.6684
MIA,CLT,AA,18.07832187857961,1.0,25.7959,-80.2906,35.214,-80.9431
MIA,DCA,AA,16.809656798858065,2.0,25.7959,-80.2906,38.8512,-77.0377
MIA,DCA,DL,14.057416267942584,1.0,25.7959,-80.2906,38.8512,-77.0377
MIA,DEN,AA,18.27886546184739,1.0,25.7959,-80.2906,39.8561,-104.6737
MIA,DEN,UA,21.366266132621273,2.0,25.7959,-80.2906,39.8561,-104.6737
MIA,DFW,AA,21.28654617370763,1.0,25.7959,-80.2906,32.8998,-97.0403
MIA,DTW,AA,17.99813432835821,2.0,25.7959,-80.2906,42.2121,-83.3534
MIA,DTW,DL,17.1580069277911,1.0,25.7959,-80.2906,42.2121,-83.3534
MIA,EWR,AA,24.94693609331362,1.0,25.7959,-80.2906,40.6895,-74.1745
MIA,EWR,UA,24.971417109617892,2.0,25.7959,-80.2906,40.6895,-74.1745
MIA,IAH,AA,20.81528871391076,2.0,25.7959,-80.2906,29.9902,-95.3414
MIA,IAH,UA,17.1915857605178,1.0,25.7959,-80.2906,29.9902,-95.3414
MIA,JFK,AA,21.264411935110083,1.0,25.7959,-80.2906,40.6413,-73.7781
MIA,JFK,DL,22.7402327514547,2.0,25.7959,-80.2906,40.6413,-73.7781
MIA,LAS,AA,20.95381485249237,1.0,25.7959,-80.2906,36.0801,-115.1523
MIA,LAX,AA,21.21080555970707,2.0,25.7959,-80.2906,33.9416,-118.4085
MIA,LAX,DL,10.097365406643757,1.0,25.7959,-80.2906,33.9416,-118.4085
MIA,MCO,AA,18.21197136320023,1.0,25.7959,-80.2906,28.4312,-81.3081
MIA,MCO,DL,22.69465311533363,2.0,25.7959,-80.2906,28.4312,-81.3081
MIA,ORD,AA,16.841763761947952,1.0,25.7959,-80.2906,41.9742,-87.9073
MIA,ORD,UA,21.233796296296298,2.0,25.7959,-80.2906,41.9742,-87.9073
MIA,PHL,AA,20.971613459879205,1.0,25.7959,-80.2906,39.8719,-75.2411
MIA,PHX,AA,19.483708891595615,1.0,25.7959,-80.2906,33.4342,-112.0116
MIA,SAN,AA,25.947951807228915,1.0,25.7959,-80.2906,32.7338,-117.1973
MIA,SEA,AA,25.71979434447301,1.0,25.7959,-80.2906,47.4502,-122.3088
MIA,SEA,DL,27.076923076923077,2.0,25.7959,-80.2906,47.4502,-122.3088
MIA,SFO,AA,23.43289497387858,2.0,25.7959,-80.2906,37.6213,-122.379
MIA,SFO,UA,22.576872536136666,1.0,25.7959,-80.2906,37.6213,-122.379
MIA,SLC,AA,14.731854838709678,1.0,25.7959,-80.2906,40.7899,-111.9791
MIA,SLC,DL,18.768796992481203,2.0,25.7959,-80.2906,40.7899,-111.9791
MIA,TPA,AA,20.60730876432332,1.0,25.7959,-80.2906,27.9755,-82.5333
ORD,ATL,AA,24.950316856780734,3.0,41.9742,-87.9073,33.6407,-84.4277
ORD,ATL,DL,17.59831828520229,2.0,41.9742,-87.9073,33.6407,-84.4277
ORD,ATL,UA,12.519177540529853,1.0,41.9742,-87.9073,33.6407,-84.4277
ORD,AUS,AA,17.0944156591825,2.0,41.9742,-87.9073,30.1945,-97.6699
ORD,AUS,UA,14.811971480683138,1.0,41.9742,-87.9073,30.1945,-97.6699
ORD,BNA,AA,25.067275747508305,2.0,41.9742,-87.9073,36.1263,-86.6782
ORD,BNA,UA,13.153846153846152,1.0,41.9742,-87.9073,36.1263,-86.6782
ORD,BOS,AA,19.493647234678622,2.0,41.9742,-87.9073,42.3656,-71.0052
ORD,BOS,DL,23.322966507177032,3.0,41.9742,-87.9073,42.3656,-71.0052
ORD,BOS,UA,15.397808031509546,1.0,41.9742,-87.9073,42.3656,-71.0052
ORD,BWI,AA,24.82880434782609,2.0,41.9742,-87.9073,39.1754,-76.6684
ORD,BWI,UA,15.198228754475222,1.0,41.9742,-87.9073,39.1754,-76.6684
ORD,CLT,AA,16.700371651928744,1.0,41.9742,-87.9073,35.214,-80.9431
ORD,CLT,UA,16.704545454545453,2.0,41.9742,-87.9073,35.214,-80.9431
ORD,DCA,AA,20.233321286591977,2.0,41.9742,-87.9073,38.8512,-77.0377
ORD,DCA,UA,15.000541879547916,1.0,41.9742,-87.9073,38.8512,-77.0377
ORD,DEN,AA,17.459728802483255,2.0,41.9742,-87.9073,39.8561,-104.6737
ORD,DEN,UA,15.051285006338595,1.0,41.9742,-87.9073,39.8561,-104.6737
ORD,DFW,AA,21.062459595206125,2.0,41.9742,-87.9073,32.8998,-97.0403
ORD,DFW,UA,17.292108229988727,1.0,41.9742,-87.9073,32.8998,-97.0403
ORD,DTW,AA,25.5463687150838,3.0,41.9742,-87.9073,42.2121,-83.3534
ORD,DTW,DL,15.260809087747768,2.0,41.9742,-87.9073,42.2121,-83.3534
ORD,DTW,UA,15.062374245472837,1.0,41.9742,-87.9073,42.2121,-83.3534
ORD,EWR,AA,27.877347888906726,2.0,41.9742,-87.9073,40.6895,-74.1745
ORD,EWR,UA,21.919781272901517,1.0,41.9742,-87.9073,40.6895,-74.1745
ORD,IAH,AA,19.94267515923567,2.0,41.9742,-87.9073,29.9902,-95.3414
ORD,IAH,UA,14.676686863933172,1.0,41.9742,-87.9073,29.9902,-95.3414
ORD,JFK,AA,22.619003115264796,2.0,41.9742,-87.9073,40.6413,-73.7781
ORD,JFK,DL,18.0,1.0,41.9742,-87.9073,40.6413,-73.7781
ORD,LAS,AA,18.094349079062773,2.0,41.9742,-87.9073,36.0801,-115.1523
ORD,LAS,UA,13.317455208668598,1.0,41.9742,-87.9073,36.0801,-115.1523
ORD,LAX,AA,18.676795032697008,2.0,41.9742,-87.9073,33.9416,-118.4085
ORD,LAX,UA,15.24706536513036,1.0,41.9742,-87.9073,33.9416,-118.4085
ORD,MCO,AA,17.047996718173117,2.0,41.9742,-87.9073,28.4312,-81.3081
ORD,MCO,UA,14.333853506290842,1.0,41.9742,-87.9073,28.4312,-81.3081
ORD,MIA,AA,17.112484289903644,2.0,41.9742,-87.9073,25.7959,-80.2906
ORD,MIA,UA,14.443337195828503,1.0,41.9742,-87.9073,25.7959,-80.2906
ORD,PHL,AA,23.04934429873305,2.0,41.9742,-87.9073,39.8719,-75.2411
ORD,PHL,UA,16.39691667686284,1.0,41.9742,-87.9073,39.8719,-75.2411
ORD,PHX,AA,18.610558048233315,2.0,41.9742,-87.9073,33.4342,-112.0116
ORD,PHX,UA,12.73807083475686,1.0,41.9742,-87.9073,33.4342,-112.0116
ORD,SAN,AA,22.34740434704509,2.0,41.9742,-87.9073,32.7338,-117.1973
ORD,SAN,UA,12.79904064630144,1.0,41.9742,-87.9073,32.7338,-117.1973
ORD,SEA,AA,16.722680412371133,3.0,41.9742,-87.9073,47.4502,-122.3088
ORD,SEA,DL,14.549062363715656,2.0,41.9742,-87.9073,47.4502,-122.3088
ORD,SEA,UA,13.602319690707906,1.0,41.9742,-87.9073,47.4502,-122.3088
ORD,SFO,AA,21.568262274896107,2.0,41.9742,-87.9073,37.6213,-122.379
ORD,SFO,UA,19.427486795774648,1.0,41.9742,-87.9073,37.6213,-122.379
ORD,SLC,AA,16.131058358061324,3.0,41.9742,-87.9073,40.7899,-111.9791
ORD,SLC,DL,15.59622486663931,2.0,41.9742,-87.9073,40.7899,-111.9791
ORD,SLC,UA,13.908042294136497,1.0,41.9742,-87.9073,40.7899,-111.9791
ORD,TPA,AA,18.276929342292817,2.0,41.9742,-87.9073,27.9755,-82.5333
ORD,TPA,UA,13.35184,1.0,41.9742,-87.9073,27.9755,-82.5333
PHL,ATL,AA,15.582146248812917,2.0,39.8719,-75.2411,33.6407,-84.4277
PHL,ATL,DL,10.359541469993257,1.0,39.8719,-75.2411,33.6407,-84.4277
PHL,AUS,AA,16.674394099051632,1.0,39.8719,-75.2411,30.1945,-97.6699
PHL,BNA,AA,17.37301166489926,1.0,39.8719,-75.2411,36.1263,-86.6782
PHL,BOS,AA,16.942822136001634,2.0,39.8719,-75.2411,42.3656,-71.0052
PHL,BOS,DL,0.0,1.0,39.8719,-75.2411,42.3656,-71.0052
PHL,CLT,AA,16.56694966241059,1.0,39.8719,-75.2411,35.214,-80.9431
PHL,DCA,AA,10.91658767772512,1.0,39.8719,-75.2411,38.8512,-77.0377
PHL,DEN,AA,17.68466223698782,2.0,39.8719,-75.2411,39.8561,-104.6737
PHL,DEN,UA,12.006774118196684,1.0,39.8719,-75.2411,39.8561,-104.6737
PHL,DFW,AA,16.653877551020408,1.0,39.8719,-75.2411,32.8998,-97.0403
PHL,DTW,AA,17.31181727904667,2.0,39.8719,-75.2411,42.2121,-83.3534
PHL,DTW,DL,11.983709850929769,1.0,39.8719,-75.2411,42.2121,-83.3534
PHL,EWR,UA,2.8,1.0,39.8719,-75.2411,40.6895,-74.1745
PHL,IAH,AA,16.894031668696712,2.0,39.8719,-75.2411,29.9902,-95.3414
PHL,IAH,UA,13.948100967209248,1.0,39.8719,-75.2411,29.9902,-95.3414
PHL,JFK,AA,0.0,1.0,39.8719,-75.2411,40.6413,-73.7781
PHL,JFK,DL,15.634328358208956,2.0,39.8719,-75.2411,40.6413,-73.7781
PHL,LAS,AA,17.0547583081571,1.0,39.8719,-75.2411,36.0801,-115.1523
PHL,LAX,AA,14.94588785046729,1.0,39.8719,-75.2411,33.9416,-118.4085
PHL,MCO,AA,16.694704861111113,1.0,39.8719,-75.2411,28.4312,-81.3081
PHL,MIA,AA,17.33148019457957,1.0,39.8719,-75.2411,25.7959,-80.2906
PHL,ORD,AA,16.018000595060993,2.0,39.8719,-75.2411,41.9742,-87.9073
PHL,ORD,UA,14.217143564969652,1.0,39.8719,-75.2411,41.9742,-87.9073
PHL,PHX,AA,13.02643897364771,2.0,39.8719,-75.2411,33.4342,-112.0116
PHL,PHX,DL,0.0,1.0,39.8719,-75.2411,33.4342,-112.0116
PHL,PHX,UA,0.0,1.0,39.8719,-75.2411,33.4342,-112.0116
PHL,SAN,AA,17.2,1.0,39.8719,-75.2411,32.7338,-117.1973
PHL,SEA,AA,20.7174651075066,1.0,39.8719,-75.2411,47.4502,-122.3088
PHL,SFO,AA,20.04651590365876,2.0,39.8719,-75.2411,37.6213,-122.379
PHL,SFO,UA,16.95928853754941,1.0,39.8719,-75.2411,37.6213,-122.379
PHL,SLC,AA,30.653488372093022,2.0,39.8719,-75.2411,40.7899,-111.9791
PHL,SLC,DL,13.847124824684432,1.0,39.8719,-75.2411,40.7899,-111.9791
PHL,TPA,AA,15.217291507268554,1.0,39.8719,-75.2411,27.9755,-82.5333
PHX,ATL,AA,14.74083924349882,2.0,33.4342,-112.0116,33.6407,-84.4277
PHX,ATL,DL,7.321125417262756,1.0,33.4342,-112.0116,33.6407,-84.4277
PHX,AUS,AA,12.20472805933251,1.0,33.4342,-112.0116,30.1945,-97.6699
PHX,BNA,AA,18.963478260869564,1.0,33.4342,-112.0116,36.1263,-86.6782
PHX,BOS,AA,12.441348522167488,2.0,33.4342,-112.0116,42.3656,-71.0052
PHX,BOS,DL,12.169665809768638,1.0,33.4342,-112.0116,42.3656,-71.0052
PHX,BWI,AA,9.31743278404163,1.0,33.4342,-112.0116,39.1754,-76.6684
PHX,CLT,AA,9.5789319891884,1.0,33.4342,-112.0116,35.214,-80.9431
PHX,DCA,AA,9.730110964829793,1.0,33.4342,-112.0116,38.8512,-77.0377
PHX,DEN,AA,16.052336140003302,2.0,33.4342,-112.0116,39.8561,-104.6737
PHX,DEN,UA,10.73559145388223,1.0,33.4342,-112.0116,39.8561,-104.6737
PHX,DFW,AA,14.016574296768797,1.0,33.4342,-112.0116,32.8998,-97.0403
PHX,DTW,AA,12.504561182761876,2.0,33.4342,-112.0116,42.2121,-83.3534
PHX,DTW,DL,6.976003622094778,1.0,33.4342,-112.0116,42.2121,-83.3534
PHX,EWR,AA,20.529853548629365,2.0,33.4342,-112.0116,40.6895,-74.1745
PHX,EWR,UA,15.253786067272438,1.0,33.4342,-112.0116,40.6895,-74.1745
PHX,IAH,AA,15.876322751322752,2.0,33.4342,-112.0116,29.9902,-95.3414
PHX,IAH,UA,10.462219906201147,1.0,33.4342,-112.0116,29.9902,-95.3414
PHX,JFK,AA,15.004417364813404,2.0,33.4342,-112.0116,40.6413,-73.7781
PHX,JFK,DL,14.461056185194115,1.0,33.4342,-112.0116,40.6413,-73.7781
PHX,LAS,AA,13.837512882171076,2.0,33.4342,-112.0116,36.0801,-115.1523
PHX,LAS,UA,12.0,1.0,33.4342,-112.0116,36.0801,-115.1523
PHX,LAX,AA,12.111576846307385,3.0,33.4342,-112.0116,33.9416,-118.4085
PHX,LAX,DL,3.0,1.0,33.4342,-112.0116,33.9416,-118.4085
PHX,LAX,UA,8.187591597459697,2.0,33.4342,-112.0116,33.9416,-118.4085
PHX,MCO,AA,14.144176136363637,1.0,33.4342,-112.0116,28.4312,-81.3081
PHX,MIA,AA,11.819037498102324,1.0,33.4342,-112.0116,25.7959,-80.2906
PHX,ORD,AA,13.782730782730782,2.0,33.4342,-112.0116,41.9742,-87.9073
PHX,ORD,UA,11.12832819106388,1.0,33.4342,-112.0116,41.9742,-87.9073
PHX,PHL,AA,11.27718050979712,1.0,33.4342,-112.0116,39.8719,-75.2411
PHX,PHL,DL,27.0,2.0,33.4342,-112.0116,39.8719,-75.2411
PHX,PHL,UA,53.5,3.0,33.4342,-112.0116,39.8719,-75.2411
PHX,SAN,AA,13.69690160832545,1.0,33.4342,-112.0116,32.7338,-117.1973
PHX,SEA,AA,13.57626321974148,2.0,33.4342,-112.0116,47.4502,-122.3088
PHX,SEA,DL,11.282974328710534,1.0,33.4342,-112.0116,47.4502,-122.3088
PHX,SFO,AA,19.653310104529616,2.0,33.4342,-112.0116,37.6213,-122.379
PHX,SFO,UA,17.279612946279613,1.0,33.4342,-112.0116,37.6213,-122.379
PHX,SLC,AA,11.745901639344265,2.0,33.4342,-112.0116,40.7899,-111.9791
PHX,SLC,DL,8.894463431305537,1.0,33.4342,-112.0116,40.7899,-111.9791
PHX,TPA,AA,14.503109452736318,1.0,33.4342,-112.0116,27.9755,-82.5333
SAN,ATL,DL,9.48828125,1.0,32.7338,-117.1973,33.6407,-84.4277
SAN,BOS,DL,12.86241610738255,1.0,32.7338,-117.1973,42.3656,-71.0052
SAN,CLT,AA,15.290732889158086,1.0,32.7338,-117.1973,35.214,-80.9431
SAN,DEN,UA,10.235978835978836,1.0,32.7338,-117.1973,39.8561,-104.6737
SAN,DFW,AA,17.30570634185092,1.0,32.7338,-117.1973,32.8998,-97.0403
SAN,DTW,DL,7.921932367149759,1.0,32.7338,-117.1973,42.2121,-83.3534
SAN,EWR,UA,15.455392579810182,1.0,32.7338,-117.1973,40.6895,-74.1745
SAN,IAH,UA,10.260844148252076,1.0,32.7338,-117.1973,29.9902,-95.3414
SAN,JFK,AA,13.7625,1.0,32.7338,-117.1973,40.6413,-73.7781
SAN,JFK,DL,17.498780983340104,2.0,32.7338,-117.1973,40.6413,-73.7781
SAN,LAS,DL,21.75,1.0,32.7338,-117.1973,36.0801,-115.1523
SAN,LAX,DL,5.299401197604791,1.0,32.7338,-117.1973,33.9416,-118.4085
SAN,LAX,UA,6.823529411764706,2.0,32.7338,-117.1973,33.9416,-118.4085
SAN,MIA,AA,19.465351299326276,1.0,32.7338,-117.1973,25.7959,-80.2906
SAN,ORD,AA,16.544586560980004,2.0,32.7338,-117.1973,41.9742,-87.9073
SAN,ORD,UA,10.507651448083976,1.0,32.7338,-117.1973,41.9742,-87.9073
SAN,PHL,AA,14.331801939765189,1.0,32.7338,-117.1973,39.8719,-75.2411
SAN,PHX,AA,16.70721307592088,1.0,32.7338,-117.1973,33.4342,-112.0116
SAN,SEA,DL,11.096667584687411,1.0,32.7338,-117.1973,47.4502,-122.3088
SAN,SFO,UA,16.17666611268074,1.0,32.7338,-117.1973,37.6213,-122.379
SAN,SLC,DL,9.86341743119266,1.0,32.7338,-117.1973,40.7899,-111.9791
SEA,ATL,DL,12.32418682235196,1.0,47.4502,-122.3088,33.6407,-84.4277
SEA,AUS,DL,15.278622087132726,1.0,47.4502,-122.3088,30.1945,-97.6699
SEA,BNA,DL,10.956772334293948,1.0,47.4502,-122.3088,36.1263,-86.6782
SEA,BOS,DL,13.022872602065911,1.0,47.4502,-122.3088,42.3656,-71.0052
SEA,CLT,AA,16.93107725017718,1.0,47.4502,-122.3088,35.214,-80.9431
SEA,DEN,DL,13.747265625,2.0,47.4502,-122.3088,39.8561,-104.6737
SEA,DEN,UA,11.190856885485868,1.0,47.4502,-122.3088,39.8561,-104.6737
SEA,DFW,AA,20.030943336498893,2.0,47.4502,-122.3088,32.8998,-97.0403
SEA,DFW,DL,17.982456140350877,1.0,47.4502,-122.3088,32.8998,-97.0403
SEA,DTW,DL,8.576555320998386,2.0,47.4502,-122.3088,42.2121,-83.3534
SEA,DTW,UA,0.0,1.0,47.4502,-122.3088,42.2121,-83.3534
SEA,EWR,UA,17.43678591496535,1.0,47.4502,-122.3088,40.6895,-74.1745
SEA,IAH,DL,9.333333333333334,1.0,47.4502,-122.3088,29.9902,-95.3414
SEA,IAH,UA,11.684824328314145,2.0,47.4502,-122.3088,29.9902,-95.3414
SEA,JFK,AA,10.416523235800344,1.0,47.4502,-122.3088,40.6413,-73.7781
SEA,JFK,DL,14.15416359616802,2.0,47.4502,-122.3088,40.6413,-73.7781
SEA,LAS,DL,8.789566859435855,2.0,47.4502,-122.3088,36.0801,-115.1523
SEA,LAS,UA,0.0,1.0,47.4502,-122.3088,36.0801,-115.1523
SEA,LAX,AA,5.97979797979798,1.0,47.4502,-122.3088,33.9416,-118.4085
SEA,LAX,DL,8.207814992025519,2.0,47.4502,-122.3088,33.9416,-118.4085
SEA,LAX,UA,11.468167202572348,3.0,47.4502,-122.3088,33.9416,-118.4085
SEA,MCO,DL,13.597583993959985,1.0,47.4502,-122.3088,28.4312,-81.3081
SEA,MIA,AA,20.313203684749233,1.0,47.4502,-122.3088,25.7959,-80.2906
SEA,MIA,DL,26.307692307692307,2.0,47.4502,-122.3088,25.7959,-80.2906
SEA,ORD,AA,18.332022355619955,3.0,47.4502,-122.3088,41.9742,-87.9073
SEA,ORD,DL,16.450765864332602,2.0,47.4502,-122.3088,41.9742,-87.9073
SEA,ORD,UA,13.453960595094491,1.0,47.4502,-122.3088,41.9742,-87.9073
SEA,PHL,AA,16.384934086629002,1.0,47.4502,-122.3088,39.8719,-75.2411
SEA,PHX,AA,15.363272041489862,2.0,47.4502,-122.3088,33.4342,-112.0116
SEA,PHX,DL,10.083370222812452,1.0,47.4502,-122.3088,33.4342,-112.0116
SEA,SAN,DL,9.216193885981824,1.0,47.4502,-122.3088,32.7338,-117.1973
SEA,SFO,DL,18.579162577690543,2.0,47.4502,-122.3088,37.6213,-122.379
SEA,SFO,UA,15.945251086654952,1.0,47.4502,-122.3088,37.6213,-122.379
SEA,SLC,DL,7.433603381472349,1.0,47.4502,-122.3088,40.7899,-111.9791
SEA,TPA,DL,10.81437125748503,1.0,47.4502,-122.3088,27.9755,-82.5333
SFO,ATL,DL,9.848168435467306,1.0,37.6213,-122.379,33.6407,-84.4277
SFO,ATL,UA,14.29007921539042,2.0,37.6213,-122.379,33.6407,-84.4277
SFO,AUS,UA,11.687541750167,1.0,37.6213,-122.379,30.1945,-97.6699
SFO,BNA,UA,12.735436893203884,1.0,37.6213,-122.379,36.1263,-86.6782
SFO,BOS,DL,16.90745856353591,1.0,37.6213,-122.379,42.3656,-71.0052
SFO,BOS,UA,16.91780376868096,2.0,37.6213,-122.379,42.3656,-71.0052
SFO,BWI,UA,9.60183339976086,1.0,37.6213,-122.379,39.1754,-76.6684
SFO,CLT,AA,15.70681031165833,1.0,37.6213,-122.379,35.214,-80.9431
SFO,DCA,UA,8.70973154362416,1.0,37.6213,-122.379,38.8512,-77.0377
SFO,DEN,UA,13.297609682299546,1.0,37.6213,-122.379,39.8561,-104.6737
SFO,DFW,AA,20.484686436558093,2.0,37.6213,-122.379,32.8998,-97.0403
SFO,DFW,UA,14.594543744120411,1.0,37.6213,-122.379,32.8998,-97.0403
SFO,DTW,DL,9.01553944058014,1.0,37.6213,-122.379,42.2121,-83.3534
SFO,DTW,UA,15.825361512791993,2.0,37.6213,-122.379,42.2121,-83.3534
SFO,EWR,UA,19.440372940156113,1.0,37.6213,-122.379,40.6895,-74.1745
SFO,IAH,UA,11.5744883691369,1.0,37.6213,-122.379,29.9902,-95.3414
SFO,JFK,AA,18.514434259132575,3.0,37.6213,-122.379,40.6413,-73.7781
SFO,JFK,DL,14.515353075170845,1.0,37.6213,-122.379,40.6413,-73.7781
SFO,JFK,UA,17.79245283018868,2.0,37.6213,-122.379,40.6413,-73.7781
SFO,LAS,AA,0.5,1.0,37.6213,-122.379,36.0801,-115.1523
SFO,LAS,DL,1.5,2.0,37.6213,-122.379,36.0801,-115.1523
SFO,LAS,UA,13.517933424679615,3.0,37.6213,-122.379,36.0801,-115.1523
SFO,LAX,AA,26.337262942080983,3.0,37.6213,-122.379,33.9416,-118.4085
SFO,LAX,DL,13.75016738402678,2.0,37.6213,-122.379,33.9416,-118.4085
SFO,LAX,UA,11.407173513182096,1.0,37.6213,-122.379,33.9416,-118.4085
SFO,MCO,UA,10.539190149183046,1.0,37.6213,-122.379,28.4312,-81.3081
SFO,MIA,AA,17.34748201438849,2.0,37.6213,-122.379,25.7959,-80.2906
SFO,MIA,UA,10.381758957654723,1.0,37.6213,-122.379,25.7959,-80.2906
SFO,ORD,AA,16.35570987654321,2.0,37.6213,-122.379,41.9742,-87.9073
SFO,ORD,UA,15.500110302228103,1.0,37.6213,-122.379,41.9742,-87.9073
SFO,PHL,AA,13.10659057437408,2.0,37.6213,-122.379,39.8719,-75.2411
SFO,PHL,UA,11.492890995260664,1.0,37.6213,-122.379,39.8719,-75.2411
SFO,PHX,AA,19.10692924872356,2.0,37.6213,-122.379,33.4342,-112.0116
SFO,PHX,UA,12.145694259012016,1.0,37.6213,-122.379,33.4342,-112.0116
SFO,SAN,UA,10.94018162126135,1.0,37.6213,-122.379,32.7338,-117.1973
SFO,SEA,DL,16.539820114472608,2.0,37.6213,-122.379,47.4502,-122.3088
SFO,SEA,UA,14.111203626607455,1.0,37.6213,-122.379,47.4502,-122.3088
SFO,SLC,DL,14.266928104575165,1.0,37.6213,-122.379,40.7899,-111.9791
SFO,SLC,UA,16.14413075780089,2.0,37.6213,-122.379,40.7899,-111.9791
SFO,TPA,UA,12.667089142374314,1.0,37.6213,-122.379,27.9755,-82.5333
SLC,ATL,DL,10.024639381599837,1.0,40.7899,-111.9791,33.6407,-84.4277
SLC,AUS,AA,0.0,1.0,40.7899,-111.9791,30.1945,-97.6699
SLC,AUS,DL,12.364883674686816,2.0,40.7899,-111.9791,30.1945,-97.6699
SLC,BNA,DL,8.81999346618752,1.0,40.7899,-111.9791,36.1263,-86.6782
SLC,BOS,DL,11.382438154669044,1.0,40.7899,-111.9791,42.3656,-71.0052
SLC,BWI,DL,7.344277245782034,1.0,40.7899,-111.9791,39.1754,-76.6684
SLC,CLT,AA,15.61818181818182,2.0,40.7899,-111.9791,35.214,-80.9431
SLC,CLT,DL,8.63097033685269,1.0,40.7899,-111.9791,35.214,-80.9431
SLC,DCA,DL,10.59765625,1.0,40.7899,-111.9791,38.8512,-77.0377
SLC,DEN,DL,12.795107033639145,1.0,40.7899,-111.9791,39.8561,-104.6737
SLC,DEN,UA,15.395549738219897,2.0,40.7899,-111.9791,39.8561,-104.6737
SLC,DFW,AA,20.380540232071525,2.0,40.7899,-111.9791,32.8998,-97.0403
SLC,DFW,DL,14.78954802259887,1.0,40.7899,-111.9791,32.8998,-97.0403
SLC,DTW,DL,8.354511478910839,1.0,40.7899,-111.9791,42.2121,-83.3534
SLC,EWR,DL,16.589840470193113,1.0,40.7899,-111.9791,40.6895,-74.1745
SLC,EWR,UA,32.813832306963526,2.0,40.7899,-111.9791,40.6895,-74.1745
SLC,IAH,DL,15.310437545832317,2.0,40.7899,-111.9791,29.9902,-95.3414
SLC,IAH,UA,13.10433448408132,1.0,40.7899,-111.9791,29.9902,-95.3414
SLC,JFK,DL,14.414444151043044,1.0,40.7899,-111.9791,40.6413,-73.7781
SLC,LAS,DL,11.390246714318652,1.0,40.7899,-111.9791,36.0801,-115.1523
SLC,LAX,DL,8.979609442396674,1.0,40.7899,-111.9791,33.9416,-118.4085
SLC,MCO,DL,12.48037173529883,1.0,40.7899,-111.9791,28.4312,-81.3081
SLC,MIA,AA,32.4375,2.0,40.7899,-111.9791,25.7959,-80.2906
SLC,MIA,DL,10.263108614232207,1.0,40.7899,-111.9791,25.7959,-80.2906
SLC,ORD,AA,22.88779041028176,3.0,40.7899,-111.9791,41.9742,-87.9073
SLC,ORD,DL,14.950853382685583,1.0,40.7899,-111.9791,41.9742,-87.9073
SLC,ORD,UA,17.10375126732004,2.0,40.7899,-111.9791,41.9742,-87.9073
SLC,PHL,AA,16.055944055944057,2.0,40.7899,-111.9791,39.8719,-75.2411
SLC,PHL,DL,8.720430107526882,1.0,40.7899,-111.9791,39.8719,-75.2411
SLC,PHX,AA,15.284713837237382,2.0,40.7899,-111.9791,33.4342,-112.0116
SLC,PHX,DL,9.628227899986337,1.0,40.7899,-111.9791,33.4342,-112.0116
SLC,SAN,DL,9.928637094920708,1.0,40.7899,-111.9791,32.7338,-117.1973
SLC,SEA,DL,8.828999559277214,1.0,40.7899,-111.9791,47.4502,-122.3088
SLC,SFO,DL,15.961724363161332,1.0,40.7899,-111.9791,37.6213,-122.379
SLC,SFO,UA,18.58129496402878,2.0,40.7899,-111.9791,37.6213,-122.379
SLC,TPA,DL,6.470043236565782,1.0,40.7899,-111.9791,27.9755,-82.5333
TPA,ATL,DL,11.89311778290993,1.0,27.9755,-82.5333,33.6407,-84.4277
TPA,AUS,AA,19.767279090113735,1.0,27.9755,-82.5333,30.1945,-97.6699
TPA,AUS,DL,40.0,2.0,27.9755,-82.5333,30.1945,-97.6699
TPA,BOS,DL,15.017782909930716,1.0,27.9755,-82.5333,42.3656,-71.0052
TPA,CLT,AA,15.334886392647434,1.0,27.9755,-82.5333,35.214,-80.9431
TPA,DCA,AA,16.976498054474707,1.0,27.9755,-82.5333,38.8512,-77.0377
TPA,DEN,UA,14.567340709652804,1.0,27.9755,-82.5333,39.8561,-104.6737
TPA,DFW,AA,19.516814319291267,1.0,27.9755,-82.5333,32.8998,-97.0403
TPA,DTW,DL,11.159978740366729,1.0,27.9755,-82.5333,42.2121,-83.3534
TPA,EWR,UA,21.372617138784964,1.0,27.9755,-82.5333,40.6895,-74.1745
TPA,IAH,UA,14.706048615036744,1.0,27.9755,-82.5333,29.9902,-95.3414
TPA,JFK,DL,17.186644951140064,1.0,27.9755,-82.5333,40.6413,-73.7781
TPA,LAX,AA,19.342168674698794,3.0,27.9755,-82.5333,33.9416,-118.4085
TPA,LAX,DL,9.85308056872038,1.0,27.9755,-82.5333,33.9416,-118.4085
TPA,LAX,UA,10.959737827715356,2.0,27.9755,-82.5333,33.9416,-118.4085
TPA,MIA,AA,16.99079913160343,1.0,27.9755,-82.5333,25.7959,-80.2906
TPA,ORD,AA,17.89419934640523,2.0,27.9755,-82.5333,41.9742,-87.9073
TPA,ORD,UA,15.146506024096386,1.0,27.9755,-82.5333,41.9742,-87.9073
TPA,PHL,AA,19.00305966343702,1.0,27.9755,-82.5333,39.8719,-75.2411
TPA,PHX,AA,16.335610058987893,1.0,27.9755,-82.5333,33.4342,-112.0116
TPA,SEA,DL,13.87857847976308,1.0,27.9755,-82.5333,47.4502,-122.3088
TPA,SFO,UA,12.510837229069272,1.0,27.9755,-82.5333,37.6213,-122.379
TPA,SLC,DL,6.5092478421701605,1.0,27.9755,-82.5333,40.7899,-111.9791
